title,description,url,category,department,province,district,company
PRACTICANTE DE PLANEAMIENTO LARGO PLAZO,"<h3>MISION DEL PUESTO</h3><p>Brindar apoyo en el procesamiento de datos de producción, cálculos de equipos, optimización de tajo, diseño de mina, secuencia de minado y otros trabajos de baja complejidad al equipo de Planeamiento Largo Plazo. Y a su vez, contribuir a la formación profesional mediante la obtención de experiencia en las diversas actividades del planeamiento de minado a largo plazo.</p><h3>RESPONSABILIDADES Y ACTIVIDADES PRINCIPALES</h3><p>Aprender y emplear herramientas de planificación minera en las diversas actividades encomendadas, por ejemplo: optimización de tajo, diseños de mina, optimización de la secuencia de minado, modelos económicos, etc.</p><p>Cumplir con los sistemas de control de calidad implementados en el área de trabajo.</p><h3>RESPONSABILIDADES ESPECÍFICAS DEL PUESTO</h3><p>Apoyar en la preparación de gráficos y mapas dentro de la elaboración de planes de largo plazo,diseños de fases de minado, diseños de botaderos, entre otros.</p><p>Recolectar y analizar datos de producción de las áreas de Operaciones Mina, Geología, Geotecnia, Mantenimiento Mina, Concentradora y Costos, bajo supervisión del Ingeniero de Planeamiento Largo Plazo.</p><p>Apoyar en la estimación de camiones preparando las hojas Excel y otros inputs para los programas de simulación.</p><p>Apoyar en la realización de estudios que comprendan recolección, procesamiento de datos y simulaciones.</p><h3>FORMACION REQUERIDA</h3><p>Cursar el último ciclo de estudios o estudios culminados de la carrera universitaria de Ingeniería de Minas, Ingeniería Civil u otras profesiones afines.</p><h3>OTRAS CAPACITACIONES</h3><p>Capacitación en lenguaje de programación (Python y/o VB) a nivel básico.</p><h3>EXPERIENCIA PREVIA</h3><p>Deseable tres (3) meses de prácticas pre - profesionales, en áreas como operaciones mina, planeamiento mina o análisis de datos.</p><h3>CONOCIMIENTOS INFORMÁTICOS</h3><p>Dominio de MS Excel a nivel avanzado.</p><p>Dominio de MS Office (Word y Power Point) a nivel intermedio.</p><p>Dominio de AutoCad a nivel intermedio.</p><p>Dominio de herramientas de trabajo colaborativo (Zoom, teams, etc) a nivel básico.</p><p>Dominio de base de datos (SQL y Access) a nivel básico.</p><p>Otros: MineSight, Qpit, Jupyter, MS Power BI y Minehaul a nivel básico.</p><h3>IDIOMAS</h3><p>Dominio de idioma inglés a nivel básico.</p><h3>DATOS ADICIONALES DEL PUESTO</h3><p>Vicepresidencia: Planificación y Desarrollo de Negocios</p><p>Gerencia: Planeamiento Largo Plazo</p><p>Reporta a: Ingeniero Senior de Planeamiento Largo Plazo</p><p>Locación: Lima</p><p>Jornada: 5x2</p><p>Vacantes: Tres (3) vacantes Temporales</p>",https://mastalento.antamina.com/job/PRACTICANTE-DE-PLANEAMIENTO-LARGO-PLAZO/636362619/,85,Ancash,Huari,San Marcos,Antamina
PRACTICANTE DE SALUD OCUPACIONAL - HIGIENE,"<h3>MISIÓN DEL PUESTO</h3><p>Colaborar y apoyar en la gestión del programa de monitoreos de higiene ocupacional, revisión de procedimientos y guías de monitoreos, seguimiento al programa de monitoreos de socios estratégicos, a fin de obtener los conocimientos y la experiencia práctica en higiene ocupacional, colaborando en el logro de objetivos del área.</p><h3>RESPONSABILIDADES Y ACTIVIDADES PRINCIPALES</h3><p>Conocer las metodologías de monitoreo de las exposiciones a los agentes ocupacionales (Físicos, Químicos y Biológicos).</p><p>Registrar la información de los monitoreos en la Base de Datos.</p><p>Analizar la validez de los resultados de campo para el cálculo de los niveles de exposición.</p><p>Apoyo en el desarrollo de los mapas para la difusión de los resultados en las áreas establecidas.</p><p>Coordinar con las áreas operativas la programación de actividades de monitoreo de agentes ocupacionales.</p><p>Realizar seguimiento al programa de calibración y mantenimiento de los instrumentos de monitoreo.</p><p>Cumplir los procedimientos y metodologías para la realización de monitoreos ocupacionales.</p><p>Colaborar con las capacitaciones en temas de Higiene Ocupacional a solicitud de las áreas.</p><p>Colaborar en el mantenimiento y mejora del Sistema Integrado de Gestión del área.</p><p>Apoyo en la gestión de Higiene y Ergonomía de los socios estratégicos.</p><p>Apoyo en la revisión de los formatos FR43 y FR43A de los contratos u ordenes de servicios de Socios Estratégicos.</p><p>Seguimiento al programa anual de Calidad de Aire en interiores.</p><p>Apoyo en los reportes semanales, mensuales u otros.</p><p>Dar soporte en otras tareas asignadas por su supervisión inmediata dentro del ámbito de su competencia.</p><h3>FORMACIÓN REQUERIDA</h3><p>Deseable estudios universitarios concluidos en Ingeniería de Higiene y Seguridad Industrial, Ingeniería Industrial, Ingeniería Ambiental o afines.</p><h3>OTRAS CAPACITACIONES</h3><p>Deseable contar con cursos de Higiene Ocupacional y curso sobre instrumentos de higiene ocupacional.</p><h3>EXPERIENCIA PREVIA</h3><p>Deseable 06 meses de prácticas pre profesionales desarrollando labores en áreas de Higiene Ocupacional; Ergonomía y/o afines.</p><h3>CONOCIMIENTOS INFORMÁTICOS</h3><p>Dominio de MS Office a nivel intermedio.</p><p>Dominio de Base de Datos a nivel intermedio.</p><p>Dominio de ERP Ellipse u otros a nivel intermedio.</p><h3>IDIOMAS</h3><p>Dominio de inglés a nivel básico.</p><h3>24.	DATOS ADICIONALES DEL PUESTO</h3><p>Vicepresidencia : Salud; Seguridad y Medio Ambiente</p><p>Gerencia : Salud</p><p>Reporta a : Supervisor/a Senior de Higiene Ocupacional</p><p>Locación : Mina - Jornada Laboral atípica</p><p>Vacante : 02 (Dos) - Temporales</p>",https://mastalento.antamina.com/job/PRACTICANTE-DE-SALUD-OCUPACIONAL-HIGIENE/636321819/,85,Ancash,Huari,San Marcos,Antamina
COORDINADOR/A DE MONITOREO DE PROYECTOS,"<h3>MISION DEL PUESTO</h3><p>Contribuir al proceso de planificación de la inversión social requerida para los proyectos del LOM Estratégico y Optimizado, realizando control del presupuesto y ejecución de la inversión social asociada al OPEX y CAPEX, contribuyendo con el diseño de los sistemas de gestión de la información que requiere la Gestión Social a fin de contar con información confiable para los procesos de auditoría externos y controles de los riesgos críticos.</p><h3>RESPONSABILIDADES Y ACTIVIDADES PRINCIPALES</h3><p>Monitorear la ejecución presupuestal de los compromisos e iniciativas sociales de la VP.</p><p>Analizar la desviación en costos respecto de los planificado en el Budget de OPEX y CAPEX.</p><p>Reportar la ejecución y proyecciones de gasto e inversión social.</p><p>Revisar o elaborar los términos de referencia de los consultores para el monitoreo o evaluación de los proyectos de Inversión Social.</p><p>Supervisión de los consultores de estudios socioeconómicos.</p><p>Diseñar ad hoc, implementación, análisis y reporte oportuno del Sistema de Información de la Inversión Social de Antamina en una plataforma GIS multiusuario</p><p>Asesorar a los Superintendentes de UGTs sobre la efectividad del gasto y re asignaciones presupuestales.</p><p>Auditar el cumplimiento de los Planes de Gestión Social y en especial los Compromisos asumidos por la empresa, de esta manera contribuye a la gestión de riesgos de uno de los dos controles críticos registrados por la gerencia.</p><p>Fortalecer la Gobernanza para una planificación social efectiva.</p><p>Legado, Políticas y estrategias de Sostenibilidad. Monitorear y Evaluar la eficacia de la implementación en terreno de las políticas y estrategias de gestión social y desarrollo sostenible en el marco del Sistema de Gestión Corporativa y Sostenibilidad – ICMM.</p><h3>RESPONSABILIDADES ESPECÍFICAS DEL PUESTO</h3><p>Dar soporte a los gestores en el uso de la plataforma CAMS para el control presupuestal.</p><p>Coordinar con el área de Tecnologías de la Información de Antamina para la actualización y mantenimiento del sistema.</p><p>Brindar soporte a las UGTs en el control de costos a nivel de OPEX y proyectos del CAPEX.</p><p>Coordinar y gestionar las aprobaciones para las modificaciones presupuestales entre Centros de Costos y al interno de los proyectos de CAPEX.</p><p>Gestionar la elaboración de los AFEs de Proyectos de CAPEX, compra de tierras y No presupuestados de OPEX.</p><p>Liderar el proceso de forecast financiero mensual con las Unidades de Gestión Territorial.</p><p>Alertar oportunamente sobre las desviaciones en los costos para el cumplimiento de compromisos, ejecución de iniciativas y pago de contingencias.</p><p>Preparar la información del forecast mensual de OPEX y CAPEX al área de Finanzas.</p><p>Preparar y coordinar la presentación mensual de la ejecución presupuestal a la VP y presidencia.</p><p>Preparar la información social y financiera mensual para el Reporte de Glencore que se coordina con Contabilidad.</p><p>Coordinar con finanzas la aprobación de las láminas financieras para el Comité de Contratos.</p><p>Coordinar la elaboración del reporte de cierre de brechas.</p><p>Coordinar los estudios y presentaciones ad-hoc de medición de variables socioeconómicas.</p><p>Elaborar y/o revisar los términos de referencia para la contratación de consultorías para la medición de los resultados de las intervenciones sociales.</p><p>Sistematizar y difundir los aprendizajes y buenas prácticas identificados en la ejecución de los proyectos.</p><p>Preparar la información solicitada por auditorías internas y externas.</p><p>Colaborar con la elaboración de Estudios de Impacto Ambiental y de los documentos orientados a la obtención de licencias permisos ambientales en los aspectos relacionados con la inversión social.</p><h3>FORMACION REQUERIDA</h3><p>Preferentemente contar con estudios concluidos en las carreras de Administración de Empresas, Economía y/o afines.</p><h3>ESTUDIOS DE POST GRADO</h3><p>Deseable contar con estudios en Gestión de Proyectos y Sistemas de Información.</p><h3>EXPERIENCIA PREVIA</h3><p>Deseable contar con 02 años de experiencia en el diseño, ejecución y/o monitoreo de presupuesto y proyectos y elaboración de reportes para nivel gerencial.</p><h3>CONOCIMIENTOS INFORMÁTICOS</h3><p>Dominio de MS Office a nivel avanzado.</p><p>Dominio de Excel a nivel avanzado.</p><p>Dominio de Base de Datos a nivel avanzado.</p><p>Deseable dominio de Power BI a nivel intermedio.</p><h3>IDIOMAS</h3><p>Dominio del idioma inglés a nivel intermedio.</p><h3>DATOS ADICIONALES DEL PUESTO</h3><p>Vicepresidencia: Sostenibilidad y Asuntos Externos</p><p>Gerencia : Relaciones Institucionales y Temas Corporativos</p><p>Reporta a : Supervisor/a Senior de Monitoreo y Evaluación</p><p>Locación : Lima</p><p>Vacante : Una (01) - Temporal</p>",https://mastalento.antamina.com/job/COORDINADORA-DE-MONITOREO-DE-PROYECTOS/636247219/,85,Ancash,Huari,San Marcos,Antamina
SUPERVISOR/A SENIOR DE INGENIERÍA,"<h3>MISION DEL PUESTO</h3><p>Liderar el desarrollo de las etapas de ingeniería en las fases conceptual; prefactibilidad; factibidad y ejecución de los proyectos asignados bajo su responsabilidad asegurando el cumplimiento de los criterios de calidad y seguridad.</p><h3>RESPONSABILIDADES Y ACTIVIDADES PRINCIPALES</h3><p>Hacer seguimiento al desarrollo de ingeniería en sus diferentes etapas de los proyectos asignados; asegurando el cumplimiento de los objetivos de alcance; costo; plazo y calidad.</p><p>Proveer dirección y soporte al personal supervisor de Ingeniería de su respectiva disciplina.</p><h3>RESPONSABILIDADES ESPECÍFICAS DEL PUESTO</h3><p>Validar y participar en la definición de alcance y estructura de desglose de trabajo.</p><p>Revisar las solicitudes de cambio de alcance al proyecto que pudieran generar los interesados y coordinar su aprobación con el personal líder del Proyecto.</p><p>Comunicar al personal líder del Proyecto cualquier suceso con los interesados.</p><p>Validar la calidad de los entregables emitidos por los consultores de ingeniería.</p><p>Realizar visita a los talleres de fabricación.</p><p>Validar el plan de constructabilidad del proyecto.</p><p>Verificar que las solicitudes de información (RFI) sean respondidas oportunamente.</p><p>Entregar la información solicitada por el personal consultor de ingeniería.</p><p>Brindar información de al equipo de construcción en caso sea requerido.</p><p>Verificar que se emitan los documentos de cierre de ingeniería.</p><p>Participar en los Kick off Meeting de los contratos de ingeniería.</p><p>Brindar información y/o absolver ingeniería consultas al equipo de Control de Proyectos para la elaboración del cronograma y al equipo de Estimaciones para la elaboración del estimado de costos.</p><h3>FORMACION REQUERIDA</h3><p>Contar de preferentemente con estudios concluidos y con título profesional en las carreras de Ingeniería Civil, Ingeniería Mecánica, Ingeniería Eléctrica, Ingeniería Electrónica, Ingeniería Mecánica-Electrónica y/o afines. Deseable contar con colegiatura habilitada.</p><h3>ESTUDIOS DE POST GRADO</h3><p>Deseable contar con estudios en Gestión de Proyectos.</p><h3>OTRAS CAPACITACIONES</h3><p>Deseable contar con experiencia y conocimiento sólidos de proyectos de ingeniería en el sector minero. petroquímico, cementero, industrial, metalúrgico o afines.</p><h3>EXPERIENCIA PREVIA</h3><p>Deseable contar, mínimo, con 8 años de experiencia en labores de supervisión de ingeniería en el sector minero, petroquímico, cementero, industrial, metalúrgico o afines.</p><h3>CONOCIMIENTOS INFORMÁTICOS</h3><p>Dominio de MS Office a nivel intermedio.</p><p>Dominio de Excel a nivel intermedio.</p><p>Dominio de Primavera a nivel básico.</p><p>Dominio de Ms Project a nivel básico.</p><h3>IDIOMAS</h3><p>Dominio del idioma inglés a nivel intermedio.</p><h3>DATOS ADICIONALES DEL PUESTO</h3><p>Vicepresidencia: Ingeniería y Proyectos</p><p>Gerencia : Ingeniería y Planeamiento</p><p>Reporta a : Jefe/a de Ingeniería</p><p>Locación : Mina</p><p>Vacante : Una (01) - Permanente</p>",https://mastalento.antamina.com/job/SUPERVISORA-SENIOR-DE-INGENIER%C3%8DA/636247619/,85,Ancash,Huari,San Marcos,Antamina
GEÓLOGO/A STAFF GEOLOGIA PDN,"<h3>MISION DEL PUESTO</h3><p>Liderar y monitorear el desempeño de las empresas consultoras externas relacionadas a perforación diamantina. Realizar logueo de muestras de los diferentes programas de perforación en mina y/o plataforma. Desarrollar actividades de exploraciones de nuevos proyectos de acuerdo a exigencias, procedimientos y disposiciones de Antamina. Gestión y liderazgo de personal técnico.</p><h3>RESPONSABILIDADES Y ACTIVIDADES PRINCIPALES</h3><p>Coordinar y dirigir las actividades de perforación, logueo y exploración geológica en las áreas que Antamina determine sean de su interés y garantizar el cumplimiento, en cuanto a alcance, seguridad, tiempo, costo, calidad, recursos, comunicación, riesgos, adquisiciones, manejo de cambio, implementaciones y gestión efectiva de proyectos.</p><p>Administrar integralmente los equipos de perforación y el personal asociado a esta actividad (Perforación diamantina) para el cumplimiento del programa de perforación de Antamina</p><p>Realizar el logueo geologico-geotécnico y muestreo de los núcleos de perforación obtenidos durante las campañas de perforación para asegurar el envío responsable de las muestras al laboratorio y seguimiento de los resultados.</p><p>Ejecutar el programa de exploraciones en todas sus etapas previa coordinación / validación del jefe de área para garantizar la obtención de los objetivos estratégicos de Antamina.</p><p>Promover y asegurar que se lleven a cabo las normas de seguridad y comportamientos seguros en campo y en los lugares de trabajo designados, demostrando liderazgo visible, así como motivar la interiorización y adopción de estos comportamientos seguros en los contratistas de la Gerencia de Geología PDN.</p><h3>RESPONSABILIDADES ESPECÍFICAS DEL PUESTO</h3><p>Verificar y coordinar en campo los trabajos realizados por contratistas, dando seguimiento al desarrollo de los sondajes, identificando oportunamente la cercanía a taludes, pozos geotécnicos y/o cualquier otra infraestructura que pueda ser afectada por la perforación. Garantizar desarrollar el sondaje según lo planificado.</p><p>Asistir a las reuniones diarias de coordinación de operaciones mina y coordinar los trabajos a ejecutarse con las áreas correspondientes, así como la planificación de los movimientos y salidas de máquina y/o personal por voladura.</p><p>Gestionar mensualmente las valorizaciones generadas de los proyectos/servicios que supervisa.</p><p>Realizar el seguimiento a las mediciones de desviación detectando oportunamente cualquier desviación fuera de lo permitido, aplicando los controles correctivos de darse el caso.</p><p>Mantener al día y validar el proceso de logueo (de testigos o detritus de RC), proporcionar las tareas/prioridades en la preparación y conminución de muestras en el resto del flujo de los procesos geológicos. Llevar a cabo los diversos ensayos geomecánicos en mina y laboratorios externos.</p><p>Entregar los ensayes geoquímicos y de logueo a través del software AcQuire a la base de datos para utilizarse en la estimación de recursos y generar reportes de QAQC de dichos datos.</p><p>Elaborar reportes de estudios especiales como secciones delgadas, pulidas y análisis XRF, de imágenes hiperespectrales, etc.</p><p>Actualización permanente de los documentos de gestión SIG, manuales, instructivos y PET´S del Coreshack.</p><p>Realizar exploraciones y prospecciones geológicas en campo, realizando trabajos de mapeo, muestreo, interpretación, análisis, reportes, presentaciones, etc.</p><p>Otras actividades inherentes a Geología que se le asignen por el supervisor inmediato o por el Superintendente del área, pudiendo ser en casos de urgencia fuera del horario establecido los cuales serán considerados como sobretiempo.</p><h3>FORMACION REQUERIDA</h3><p>Contar con estudios completados en la carrera de Ingeniería Geológica.</p><h3>OTRAS CAPACITACIONES</h3><p>Contar con conocimiento y experiencia en exploración y mapeo de depósitos tipo Skarn.</p><p>Contar con técnicas y procedimientos de supervisión de perforación.</p><p>Contar con conocimiento de Logueo y mapeo geológico en depósitos tipo Skarn.</p><p>Contar con conocimiento de gestión de proyectos, nivel intermedio.</p><h3>EXPERIENCIA PREVIA</h3><p>Contar con 05 años de experiencia profesional en trabajos de gran minería en áreas de geología y exploraciones.</p><p>Contar con Licencia de Conducir (indispensable) con la antiguedad mayor a 01 año.</p><h3>CONOCIMIENTOS INFORMÁTICOS</h3><p>Dominio de MS Office a nivel intermedio.</p><p>Dominio de Excel a nivel intermedio.</p><p>Dominio de Leapfrog a nivel intermedio.</p><p>Dominio de Minesight a nivel intermedio.</p><p>Dominio de ArcGis a nivel intermedio.</p><h3>IDIOMAS</h3><p>Dominio del idioma inglés a nivel intermedio.</p><h3>DATOS ADICIONALES DEL PUESTO</h3><p>Vicepresidencia: Planificación y Desarrollo del Negocios</p><p>Gerencia : Geología PDN</p><p>Reporta a</p><p>: Jefe/a de Coreshack / Jefe/a de Drilling</p><p>Locación : Mina</p><p>Jornada : 8x6</p><p>Vacante : Temporal</p>",https://mastalento.antamina.com/job/GE%C3%93LOGOA-STAFF-GEOLOGIA-PDN/636246219/,85,Ancash,Huari,San Marcos,Antamina
MECÁNICO/A II MINERODUCTO MINA,"<h3>PROPÓSITO DEL PUESTO</h3><p>Coordinar y participar en las tareas de mantenimiento a los equipos del área bajo su responsabilidad, con el fin de mantener las condiciones normales de funcionamiento y evitar fallas prematuras.</p><h3>PRINCIPALES ACTIVIDADES Y RESPONSABILIDADES</h3><p>Conocer y poner en práctica la política MASSC de la compañía.</p><p>Realizar sus tareas bajo la supervisión siempre del Maestro/a Mecánico/a.</p><p>Conocer los sistemas productivos y mecánicos del área.</p><p>Recibir las instrucciones de mantenimiento y coordinar su ejecución con personal mecánico de menor jerarquía.</p><p>Verificar las condiciones de operación del equipo y su entorno inmediato; detectando daños y desperfectos; reportándolos al/a Maestro/a Mecánico/a.</p><p>Realizar actividades de mantenimiento orientadas a los requerimientos del proceso de área; basados en el trabajo en equipo y de mayor responsabilidad vinculadas al proceso considerándose como acciones de entrenamiento y desarrollo personal.</p><p>Realizar inspecciones de la Servidumbre del Mineroducto para detectar condiciones de riesgo a la tubería; estaciones u otra infraestructura relacionada.</p><p>Apoyar en labores operativas del Mineroducto cuando se activan planes de contingencia por falta de personal.</p><p>Desarrollar los procedimientos de mantenimiento mecánico de Mineroducto; teniendo en cuenta los aspectos de seguridad y las buenas prácticas de mantenimiento.</p><p>Participar activamente en la elaboración de las estrategias y planes de mantenimiento mecánico Mineroducto.</p><p>Reportar al/a Maestro/a Mecánico/a acerca de las tareas de mantenimiento (tareas concluidas; pendientes); stock de piezas o componentes reemplazados; materiales usados y horas por persona.</p><h3>ACTIVIDADES ESPECÍFICAS DEL PUESTO</h3><p>Sugerir y/o proponer mejoras y modificaciones en equipos e instalaciones.</p><p>Realizar las coordinaciones necesarias para la solución de imprevistos en los equipos e instalaciones.</p><p>Informar a la supervisión o persona líder del equipo cualquier problema mecánico o de seguridad de alto riesgo.</p><p>Realizar el control de calidad de las tareas de mantenimiento ejecutadas por el personal contratado cuando se requiere.</p><p>Ejecutar las tareas de ajuste; calibración; diagnóstico; montaje; desmontaje y reparación del equipo de Mineroducto.</p><p>Contribuir a la capacitación técnica de mecánicos de menor jerarquía; enseñando procedimiento de mantenimiento de los equipos.</p><p>Estar atento ante cualquier necesidad técnica que pueda tener el personal mecánico de menor jerarquía.</p><h3>REQUISITOS DEL PUESTO</h3><p>Preferentemente contar con estudios técnicos concluidos.</p><p>De preferencia contar con especialidad en mantenimiento de maquinaria de planta u otras especialidades afines.</p><p>Contar con Licencia de conducir A-III o A-II.</p><p>Dominio de MS Office a nivel usuario.</p><p>Contar con conocimientos del SAP u otro ERP a nivel usuario.</p><p>Domino del idioma Inglés técnico a nivel básico (No se requiere certificado de estudios).</p><p>Deseable contar con, mínimo, 2 años de experiencia en plantas similares.</p><h3>DATOS ADICIONALES</h3><p>Vicepresidencia : Operaciones</p><p>Gerencia : Concentradora</p><p>Reporta a : Supervisor/a de Mantenimiento Mineroducto</p><p>Locación : Mina - Jornada Laboral Atípica</p><p>Vacante : Una (01) - Temporal</p>",https://mastalento.antamina.com/job/MEC%C3%81NICOA-II-MINERODUCTO-MINA/636245919/,85,Ancash,Huari,San Marcos,Antamina
PRACTICANTE LEGAL,<h3>MISION DEL PUESTO</h3><p>Apoyar a la Superintendencia Legal en la prestación de asesoría en temas legales a las distintas áreas y departamentos de la Compañía; a efectos de cautelar que las actividades que la misma realiza estén enmarcadas en sus políticas internas y la legislación nacional; a fin de evitar contingencias a la empresa.</p><h3>RESPONSABILIDADES ESPECÍFICAS DEL PUESTO</h3><p>Dar soporte al equipo de abogados/as de la Superintendencia Legal en la elaboración de contratos y convenios.</p><p>Apoyar al equipo de abogados/as en analizar diversos temas para atender consultas legales (societarias; tributarias; de propiedad intelectual; de protección de datos personales; etc.)</p><p>Apoyar con el monitoreo y reporte de casos judiciales de la Compañía</p><p>Brindar soporte elaborando prórrogas y adendas a los contratos que suscribe la Compañía.</p><p>Apoyar en la gestión legal de trámites notariales y registrales.</p><p>Colaborar con la coordinación de la legalización de firmas ante la Notaría.</p><p>Atender y coordinar escritos.</p><p>Colaborar respondiendo a oficios y notificaciones en general.</p><h3>FORMACION REQUERIDA</h3><p>Estudiante de estudios universitarios de la carrera de Derecho</p><h3>OTRAS CAPACITACIONES</h3><p>Conocimientos de Derecho Civil; Procesal; Administrativo.</p><p>Deseable conocimientos en Derecho Tributario</p><h3>CONOCIMIENTOS INFORMÁTICOS</h3><p>Básico:</p><p>Hojas de Cálculo</p><p>Base de Datos</p><p>Intermedio:</p><p>Procesador de Texto</p><p>Presentaciones</p><p>Correo Electrónico</p><p>Internet</p><h3>IDIOMAS</h3><p>Inglés (No es requerido certificado de estudios) Intermedio</p><h3>DATOS ADICIONALES DEL PUESTO</h3><p>Vicepresidencia: Legal y de Cumplimiento</p><p>Gerencia : Legal</p><p>Dependencia directa: Superintendente Legal</p><p>Locación: Lima</p>,https://mastalento.antamina.com/job/PRACTICANTE-LEGAL/636187719/,85,Ancash,Huari,San Marcos,Antamina
PRACTICANTE DE MEJORA DE NEGOCIO,"<h3>MISION DEL PUESTO</h3><p>Apoyar al equipo de Mejora del Negocio para poder tener información y análisis a detalle, para los seguimientos y la implementación de las iniciativas de los frentes de trabajo; así como del despliegue Es+Lean. Realizar coordinaciones diversas que requieren contacto con los miembros de Antamina+.</p><h3>RESPONSABILIDADES ESPECÍFICAS DEL PUESTO</h3><p>Apoyar en procesar data para generar información necesaria en soporte a los análisis de los especialistas de Lean</p><p>Apoyar en la coordinación con diversas áreas del programa Antamina+ y Es+Lean para gestionar información o reuniones que permitan el avance de las iniciativas.</p><p>Preparar las presentaciones necesarias para las diversos talleres o reuniones del equipo de Mejora del Negocio (Es+Lean y Antamina+)</p><p>Realizar la generación de documentación necesaria en apoyo del área de Mejora del Negocio para diversas tareas como cierre de mes, KPI´s e impactos del programa Es+Lean y Antamina+</p><p>Realizar otras actividades de apoyo y soporte necesarias para el buen desempeño del área, encargados por la Superintendencia, Especialistas o Jefe de Gestión en Mejora del Negocio</p><h3>FORMACION REQUERIDA</h3><p>Preferentemente estudios profesionales concluidos de Ingeniería de informática, de sistemas, industrial, electrónica, minera u otra relacionada.</p><h3>OTRAS CAPACITACIONES</h3><p>P</p><p>referentemente conocimiento en metodologías y procesos de mejora empresarial, p. Ej. Lean / Six Sigma / DMAIC o similar dentro de la industria minera, manufacturera o de equipo pesado</p><h3>EXPERIENCIA PREVIA</h3><p>De preferencia con prácticas pre profesionales de 1 año en actividad minera o de manejo de información, y experiencia en procesos de mejora continua en minería.</p><p>(Sugerido: Frentes Operativos)</p><h3>CONOCIMIENTOS INFORMÁTICOS</h3><p>Intermedio:</p><p>Base de Datos (SQL, Oracle)</p><p>Hojas de Cálculo (Incluido Visual Basic Application VBA)</p><p>Presentaciones</p><p>Correo Electrónico</p><h3>IDIOMAS</h3><p>Inglés (No es requerido certificado de estudios) Intermedio</p><h3>DATOS ADICIONALES DEL PUESTO</h3><p>Vicepresidencia: Operaciones</p><p>Gerencia: Mejora del Negocio</p><p>Dependencia directa: Jefe/a de Gestión de Mejora de Negocio</p><p>Locación: Mina / Lima</p>",https://mastalento.antamina.com/job/PRACTICANTE-DE-MEJORA-DE-NEGOCIO/636187819/,85,Ancash,Huari,San Marcos,Antamina
PRACTICANTE DE SALUD OCUPACIONAL,"<h3>MISION DEL PUESTO</h3><p>Dar soporte en la gestión del programa de evaluaciones ergonómicas, revisión de procedimientos y guías de evaluaciones,</p><p>seguimiento al programa de evaluaciones de socios estratégicos, a fin de obtener los conocimientos y la experiencia práctica en la d</p><p>isciplina de la ergonomía, colaborando en el logro de objetivos del área</p><h3>RESPONSABILIDADES ESPECÍFICAS DEL PUESTO</h3><p>Dar soporte en el registro de la información de los monitoreos en la Base de Datos.</p><p>Dar soporte en el análisis de la validez de los resultados de campo para el cálculo de los niveles de exposición.</p><p>Apoyar en el desarrollo de los mapas para la difusión de los resultados en las áreas establecidas.</p><p>Dar soporte en la coordinación con las áreas operativas la programación de actividades de evaluaciones ergonómicas.</p><p>Dar soporte en la realización del seguimiento al programa de calibración y mantenimiento de los instrumentos de monitoreo.</p><p>Dar soporte en el cumplimiento de los procedimientos y metodologías para la realización de las evaluaciones ergonómicas.</p><p>Dar soporte en la colaboración con las capacitaciones en temas de Ergonomía a solicitud de las áreas.</p><p>Dar soporte en la colaboración en el mantenimiento y mejora del Sistema Integrado de Gestión del área.</p><p>Apoyar en la gestión de Ergonomía de los socios estratégicos.</p><p>Apoyar en la revisión de los formatos FR43 de los contratos u ordenes de servicios de Socios Estratégicos.</p><p>Apoyo en los reportes semanales, mensuales u otros.</p><p>Aplicar las metodologías de evaluaciones de factores de riesgos disergonómicas.</p><p>Dar soporte en otras tareas asignadas por su supervisión inmediata dentro del ámbito de su competencia.</p><h3>FORMACION REQUERIDA</h3><p>Deseable estudios universitarios concluidos en Ingeniería de Higiene y Seguridad Industrial, Ingeniería Industrial, y/o afines</p><h3>OTRAS CAPACITACIONES</h3><p>Deseable contar con cursos de Ergonomía y curso sobre metodología de evaluaciones de factores de riesgos disergonómicos</p><h3>EXPERIENCIA PREVIA</h3><p>Deseable 06 meses de prácticas pre profesionales desarrollando labores en áreas de Ergonomía y/o afines</p><h3>CONOCIMIENTOS INFORMÁTICOS</h3><p>Intermedio:</p><p>Procesador de Texto</p><p>Hojas de Cálculo</p><p>Presentaciones</p><p>Correo Electrónico</p><p>Internet</p><p>Base de Datos</p><p>Otros – específicos; ERP Ellipse</p><h3>IDIOMAS</h3><p>Inglés(No es requerido certificado de estudios) -Básico</p><h3>DATOS ADICIONALES DEL PUESTO</h3><p>Vicepresidencia: Salud, Seguridad y Medio Ambiente</p><p>Gerencia: Salud</p><p>Superintendencia: Higiene y Ergonomía</p><p>Dependencia directa: Supervisor/a Senior de Ergonomía</p><p>Locación: Mina</p>",https://mastalento.antamina.com/job/PRACTICANTE-DE-SALUD-OCUPACIONAL/636153419/,85,Ancash,Huari,San Marcos,Antamina
ENTRENADOR/A MINA,"<h3>MISIÓN DEL PUESTO</h3><p>Ejecutar los trabajos de entrenamiento programado para el personal de las diferentes guardias de la Gerencia Mina en forma segura y productiva; según el plan anual establecido y según las necesidades que se puedan presentar. Así mismo, difundir y hacer cumplir los procedimientos, políticas de Seguridad Industrial, Medio Ambiente, Salud Ocupacional dadas por Antamina.</p><h3>RESPONSABILIDADES Y ACTIVIDADES PRINCIPALES</h3><p>Entrenar y evaluar al personal nuevo en las políticas y procedimientos del área de Operaciones Mina.</p><p>Desarrollar programas y presentaciones de las capacitaciones teóricas.</p><p>Realizar capacitación teórica a todo el personal de operaciones en los diferentes equipos; según el plan de capacitación.</p><p>Realizar entrenamientos prácticos en campo a todo el personal de operaciones en los diferentes equipos.</p><p>Realizar las evaluaciones finales para las autorizaciones de operación en los diferentes equipos.</p><p>Participar en la elaboración de procedimientos de trabajo seguro (PETS).</p><p>Hacer seguimiento a la evolución de todos los entrenamientos de los operadores en los diferentes equipos.</p><p>Realizar capacitación teórica y evaluación práctica en el programa de manejo en mina (franja roja) al personal de Antamina y Socios Estratégicos cuando lo requiera la supervisión senior de Entrenamiento.</p><p>Evaluar las técnicas de operación y conocimiento de la seguridad en el trabajo; al personal de Socios Estratégicos; que operan en el área de operaciones mina.</p><p>Realizar inspecciones a los equipos y vehículos de los Socios Estratégicos; que trabajan en el área de operaciones mina y elaborar los informes de inspección.</p><p>Supervisar la operación de los diferentes equipos en la mina con la finalidad de corregir malas prácticas; para preservar en buen estado a los equipos; optimizando la productividad de los mismos; manteniendo altos estándares de producción y reducción de costos; accidentes y casi accidentes.</p><p>Cumplir los programas de entrenamiento en el simulador.</p><h3>RESPONSABILIDADES ESPECÍFICAS DEL PUESTO</h3><p>Entrenar y reentrenar a personal operador en el simulador en los diferentes niveles: novato; medio y antiguo. Rentrenarlos/as cuando ocurra un evento de Deslizamiento de Camión (Control del Riesgo Crítico: Colisión de camión de acarreo con otro equipo o vehículo).</p><p>Capacitar y evaluar al personal de los socios estratégicos que trabajan en el área de operaciones mina; en las políticas y procedimientos de operaciones mina.</p><p>Capacitar; entrenar y evaluar al personal de mantenimiento en equipos auxiliares y pesados; para efectuar movimientos de los equipos en el área del taller.</p><p>Dictar el curso de bloqueo y señalización a operaciones mina y socios estratégicos.</p><p>Desarrollo y cumplimiento del liderazgo en los estándares MASS asignados.</p><p>En caso de activarse el Plan de Contingencia de la Empresa; operar el/los equipo(s) para el(los) cual(es) está entrenado y autorizado; con el objetivo de asegurar la continuidad operacional del negocio.</p><p>Elaborar documentación de entrenamiento y seguridad de cada persona entrenada. Hacer seguimiento de las horas de práctica de cada trabajador; validar con las respectivas firmas y archivar en una carpeta correspondiente a cada uno.</p><p>Aplicacar de procedimientos; políticas y estándares de operaciones mina de Antamina a visitas y SSEE.</p><p>Cumplir con los compromisos de Seguridad; charlas de sensibilización; reportes de observación preventiva; inspecciones programadas; inspecciones de riesgos críticos; observaciones planeadas de tareas; reportes de casi accidentes; etc. con el fin de verificar riesgos o fallas en las labores propias de operaciones mina.</p><p>Reforzar capacitación que brinden las empresas contratistas al personal que va a realizar ese trabajo en el futuro.</p><h3>FORMACIÓN REQUERIDA</h3><p>Preferentemente estudios técnicos concluidos en carreras afines al puesto.</p><p>Deseable contar con estudios o conocimientos en equipo pesado.</p><h3>EXPERIENCIA PREVIA</h3><p>Deseable contar con 05 años de experiencia como entrenador/a en trabajos a tajo abierto.</p><h3>CONOCIMIENTOS INFORMÁTICOS</h3><p>Dominio de MS Office (Word, Excel, PPT) nivel intermedio.</p><p>Dominio de Base de Datos a nivel intermedio.</p><h3>IDIOMAS</h3><p>Dominio de Inglés a nivel básico.</p><h3>DATOS ADICIONALES DEL PUESTO</h3><p>Vicepresidencia : Operaciones</p><p>Gerencia : Operaciones Mina</p><p>Reporta a : Supervisor/a de Entrenamiento Mina</p><p>Locación : Mina - Jornada Laboral Atípica</p><p>Vacante : Una (01) - Permanente</p>",https://mastalento.antamina.com/job/ENTRENADORA-MINA/636154219/,85,Ancash,Huari,San Marcos,Antamina
SUPERVISOR/A SENIOR DE SEGURIDAD INDUSTRIAL,"<h3>MISION DEL PUESTO</h3><p>Supervisar la prevención de pérdidas por incidentes o minimizar el impacto de sus consecuencias a través de la creación de una cultura de seguridad vial en la cual el análisis de los riesgos y la formulación de medidas de control se conviertan en la forma de administrar el negocio, para reducir la frecuencia de los incidentes viales y garantizar el transporte seguro de personal y carga, dentro y fuera de las instalaciones de Antamina.</p><h3>RESPONSABILIDADES Y ACTIVIDADES PRINCIPALES</h3><p>Analizar la tendencia de incidentes viales y proponer acciones de mejora con el fin de mejorar el desempeño en Seguridad Vial.</p><p>Supervisar la seguridad de ruta del transporte, tanto dentro como fuera de las instalaciones, para asegurar el cumplimiento de los estándares y procedimientos de seguridad vial por parte del personal de Antamina y Socios Estratégicos.</p><p>Asesorar a las gerencias y superintendencias en la implementación, para asegurar el desarrollo y mejora del Sistema de Gestión de la Seguridad Vial de Antamina.</p><p>Asesorar y promover actividades preventivas y correctivas de seguridad aplicadas al transporte de personal y carga con el fin de concientizar al personal a cargo.</p><p>Coordinar y autorizar el transporte de personal y carga con personal de Antamina y Socios Estratégicos para garantizar su efectividad en la función.</p><h3>RESPONSABILIDADES ESPECÍFICAS DEL PUESTO</h3><p>Cumplir con el programa de inspecciones a los vehículos que vayan a ser utilizados para transporte de personal o carga.</p><p>Analizar la tendencia de incidentes viales y proponer acciones de mejora con el fin de mejorar el desempeño en Seguridad Vial.</p><p>Atender y monitorear las recomendaciones y/o hallazgos de seguridad vial que resulten de las inspecciones y auditorías internas y/o externas para asegurar su implementación.</p><p>Atender las solicitudes de autorización de los conductores.</p><p>Coordinar las actividades que se vayan a realizar en las vías internas y/o externas de Antamina.</p><p>Mantener los recursos disponibles y personal capacitado y habilitado para cumplir sus funciones de Seguridad Vial.</p><p>Brindar soporte a las diversas gerencias y/o vicepresidencias en temas de seguridad vial cuando lo requieran.</p><p>Otras responsabilidades asignadas por su supervisor directo ligadas al puesto.</p><h3>FORMACION REQUERIDA</h3><p>Preferentemente estudios concluidos en Ingeniería Industrial, Ingeniería de Minas, Ingeniería de Seguridad y Salud en el Trabajo, Ingeniería Civil o afines.</p><h3>ESTUDIOS DE POST GRADO</h3><p>Deseable contar con estudios en Sistemas Integrados de Gestión.</p><p>Deseable contar con estudios en Seguridad en transportes.</p><h3>OTRAS CAPACITACIONES</h3><p>Preferentemente capacitación en Sistemas de Medio Ambiente; Salud y Seguridad.</p><p>Conocimiento técnico en estándares nacionales e internacionales.</p><p>Capacitación en Salud e Higiene Ocupacional.</p><p>Conocimiento de normas legales nacionales e internacionales de seguridad.</p><p>Conocimiento en técnicas de entrenamiento de personal.</p><h3>EXPERIENCIA PREVIA</h3><p>Deseable 5 años de experiencia en el área de salud y seguridad industrial en puestos similares.</p><h3>CONOCIMIENTOS INFORMÁTICOS</h3><p>Dominio de base de datos a nivel básico.</p><p>Conocimiento de otras herramientas informáticas de recopilación y manejos de datos a nivel básico.</p><p>Dominio de excel y word a nivel intermedio.</p><p>Dominio de PPT a nivel avanzado.</p><h3>IDIOMAS</h3><p>Dominio de Inglés a nivel intermedio.</p><h3>DATOS ADICIONALES DEL PUESTO</h3><p>Vicepresidencia : Salud, Seguridad Industrial y Medio Ambiente</p><p>Gerencia : Seguridad Industrial</p><p>Reporta a : Servicios de Emergencia</p><p>Locación : Mina - Jornada Laboral Atípica</p><p>Vacante : Una (01) - Permanente</p>",https://mastalento.antamina.com/job/SUPERVISORA-SENIOR-DE-SEGURIDAD-INDUSTRIAL/636123619/,85,Ancash,Huari,San Marcos,Antamina
SUPERVISOR/A SENIOR DE CONSTRUCCIÓN,"<h3>MISIÓN DEL PUESTO</h3><p>Liderar el desarrollo de los proyectos a su cargo en las etapas de construcción y pre-comisionamiento; asegurando el cumplimiento de los estándares de salud; seguridad; medio ambiente y calidad.</p><h3>RESPONSABILIDADES Y ACTIVIDADES PRINCIPALES</h3><p>Supervisar los proyectos en la etapa de construcción, asegurando el cumplimiento de los objetivos de alcance, costo, plazo y calidad, según el plan de ejecución del proyecto.</p><p>Proveer dirección y soporte al personal supervisor de Construcción de su respectiva disciplina.</p><h3>RESPONSABILIDADES ESPECÍFICAS DEL PUESTO</h3><p>Revisarlas solicitudes de cambio de alcance al proyecto que pudieran generar el personal interesado y coordinar su aprobación con el personal líder del Proyecto.</p><p>Comunicarel personal líderdel Proyecto cualquier suceso con los interesados.</p><p>Validar y participar en la definición de alcance y estructura de desglose de trabajo.</p><p>Validar el análisis de constructabilidad (en las fases de prefactibilidad y factibilidad).</p><p>Responder a las consultas técnicas realizadas por la empresa contratista (en coordinación con el equipo de ingeniería) o coordinar las respuestas con el personal supervisor de Construcción.</p><p>Hacer seguimiento a la ejecución de los trabajos, asegurando el cumplimiento de los planos y especificaciones técnicas.</p><p>Revisar y dar conformidad a los entregables finales en coordinación con el personal líder o Gerente del Proyecto.</p><p>Brindar información y/o absolver consultas al equipo de Control de Proyectos para la elaboración del cronograma y al equipo de Estimaciones para la elaboración del estimado de costos.</p><p>Coordinar con el equipo de Control de Proyectos la validación de los avances de los Contratistas.</p><p>Hacer seguimiento a las empresas contratistas, asegurando el cumplimiento de las fechas en los entregables de construcción.</p><p>Realizar funciones adicionales requeridas.</p><p>Hacer seguimiento a los procesos del programa Es+Lean dentro la vicepresidencia.</p><h3>FORMACIÓN REQUERIDA</h3><p>Preferentemente estudios concluidos y con título profesional en Ingeniería Civil, Mecánica, Eléctrica, Electrónica, Mecánica-Electrónica o afines.</p><p>Deseable contar con colegiatura habilitada.</p><h3>ESTUDIOS DE POST GRADO</h3><p>Deseable contar con estudios en gestión de proyectos o similares.</p><h3>OTRAS CAPACITACIONES</h3><p>Deseable contar conocimiento sólidos de proyectos de construcción en el sector minero; petroquímico; cementero; industrial; metalúrgico o afines.</p><h3>EXPERIENCIA PREVIA</h3><p>Deseable contar con, mínimo, 8 años en labores de supervisión de construcción en el sector minero, petroquímico, cementero, industrial, metalúrgico o afines.</p><h3>CONOCIMIENTOS INFORMÁTICOS</h3><p>Dominio de Primavera y MS Project nivel básico.</p><p>Dominio de MS Office (Word, Excel y PPT) a nivel intermedio.</p><h3>IDIOMAS</h3><p>Dominio de inglés a nivel intermedio.</p><h3>DATOS ADICIONALES DEL PUESTO</h3><p>Vicepresidencia : VP de Ingeniería y Proyectos</p><p>Gerencia : Construcción</p><p>Reporta a : Superintendencia de Construcción</p><p>Locación : Mina - Jornada Laboral Atípca</p><p>Vacante : Una (01) - Permanente</p>",https://mastalento.antamina.com/job/SUPERVISORA-SENIOR-DE-CONSTRUCCI%C3%93N/635908219/,85,Ancash,Huari,San Marcos,Antamina
INGENIERO/A DE PLANEAMIENTO MINA,"<h3>MISIÓN DEL PUESTO</h3><p>Desarrollar planes de minado en corto plazo que sean ejecutadas de manera práctica y lógica de tal manera que se minimicen costos de Operaciones de minado.</p><h3>RESPONSABILIDADES Y ACTIVIDADES PRINCIPALES</h3><p>Elaborar y comunicar a la VP de Operaciones; Gerencia de Mina y Superintendencias los planes de minado efectivo y ejecutable que aseguren la continuidad de la alimentación de mineral siguiendo el plan inmediato superior.</p><p>Evaluar proyectos alternativos de sistemas de minado; optimización de procesos y mejoramiento de infraestructura que maximicen sosteniblemente la producción de mina y la producción de Concentrado.</p><p>Elaborar planes de minado siguiendo el plan inmediato superior para cumplir con el tonelaje minado y movido.</p><p>Exponer el plan de minado y la programación de proyectos a la Gerencia Mina haciendo conocer los riesgos; así como las acciones para mitigarlos o eliminarlos.</p><p>Programar las actividades de los proyectos de Desarrollo Mina; y hacer seguimiento.</p><h3>RESPONSABILIDADES ESPECÍFICAS DEL PUESTO</h3><p>Diseñar; inspeccionar su construcción y mejorar la infraestructura de mina necesaria para maximizar la productividad de los equipos y asegurar la sostenibilidad de la producción de la mina.</p><p>Calcular y balancear en el tiempo el uso de los equipos de carguío y acarreo a través de la asignación de destinos y considerando la disponibilidad mecánica a fin de maximizar su utilización efectiva y minimizar costos.</p><p>Monitorear la ejecución del plan de minado con la finalidad de identificar oportunidades de mejoría y evitar desviaciones. Plantear acciones de corrección; en caso sean necesarias; para cumplir con las metas de tonelaje minado y movido.</p><p>Realizar estudios conducentes a la optimización del proceso de minado y ejecución de proyectos para maximizar la utilización efectiva del equipo principal y auxiliar de mina.</p><p>Administrar la alimentación del recurso mineral de los bancos y stockpiles mediante opciones de mezclado para conseguir combinaciones de ley y dureza que maximicen la producción de concentrado.</p><p>Administrar los stockpiles de mezclado; planificar desde el origen para conseguir una ley objetivo; controlar su construcción e informar el inventario final (tonelaje; leyes y características relevantes).</p><p>Brindar información técnica a otras áreas que lo solicitan para una adecuada toma de decisiones.</p><p>Llevar los cursos de entrenamiento necesarios para operar equipos de producción en caso de contingencia; con la finalidad de mantener la producción mínima necesaria y asegurar la continuidad de la empresa.</p><p>En caso de activarse el Plan de Contingencia de la Empresa; operar el/los equipo(s) para el(los) cual(es) está entrenado y autorizado; con el objetivo de asegurar la continuidad operacional del negocio.</p><h3>FORMACIÓN REQUERIDA</h3><p>Preferentemente estudios concluidos en Ingeniería de Minas o afines.</p><h3>OTRAS CAPACITACIONES</h3><p>Preferentemente contar con conocimientos de trabajos en Minas a Tajo Abierto.</p><h3>EXPERIENCIA PREVIA</h3><p>Deseable 5 años o más de experiencia comprobada en planeamiento y/o supervisión en tajo abierto.</p><h3>CONOCIMIENTOS INFORMÁTICOS</h3><p>Dominio de Office(Word, PPT y Excel) a nivel intermedio.</p><p>Dominio de Software de Planeamiento (Minesight, Minehaul, Mineplan, SQL, Python, entre otros) a nivel intermedio.</p><h3>IDIOMAS</h3><p>Deseable dominio de Inglés a nivel intermedio.</p><h3>DATOS ADICIONALES DEL PUESTO</h3><p>Vicepresidencia : Operaciones</p><p>Reporta a : Ingeniero(a) Senior de Planeamiento</p><p>Locación : Mina - Jornada Laboral Atípica</p><p>Vacante : Una (01) - Permanente</p>",https://mastalento.antamina.com/job/INGENIEROA-DE-PLANEAMIENTO-MINA/635909119/,85,Ancash,Huari,San Marcos,Antamina
